ts	uptime	events	spool	db_bytes	wal_bytes	rss_bytes	handles	threads	pid
2026-08-29T21:45:50Z	down	-	-	148713472	1985872	0	0	0	181256
2026-08-29T22:02:14Z	5m51.909s	13423	0	150175744	0	27779072	190	16	173144
2026-08-29T22:32:14Z	35m54.2s	13435	0	150282240	0	26546176	200	15	173144
2026-08-29T23:02:17Z	1h5m54.763s	13435	0	150282240	0	26574848	202	15	173144
2026-08-29T23:32:17Z	1h35m55.368s	13446	0	150298624	0	26607616	202	15	173144
2026-08-30T00:02:18Z	2h5m55.943s	13446	0	150298624	0	26759168	203	15	173144
2026-08-30T00:32:18Z	2h35m56.831s	13446	0	150298624	0	65769472	202	15	173144
2026-08-30T01:02:19Z	3h5m57.429s	13446	0	150298624	0	65888256	202	15	173144
2026-08-30T01:32:20Z	3h35m58.014s	13446	0	150298624	0	65822720	202	15	173144
2026-08-30T02:02:20Z	4h5m58.519s	13446	0	150298624	0	65867776	202	15	173144
2026-08-30T02:32:21Z	4h36m1.709s	13606	0	151851008	115392	67190784	202	15	173144
2026-08-30T02:41:01Z	4h44m42.304s	13617	0	151851008	0	67133440	202	15	187236
2026-08-30T03:02:24Z	5h6m2.774s	13617	0	151851008	0	66998272	202	15	173144
2026-08-30T03:11:01Z	5h14m42.109s	13628	0	151851008	0	67346432	202	15	187630
2026-08-30T03:41:40Z	20m4.473s	13889	0	153591808	4140632	64884736	198	15	6758
2026-08-30T03:54:29Z	32m53.303s	13927	0	154370048	374952	61194240	206	15	1592
2026-08-30T04:23:01Z	1h1m24.682s	14551	0	159293440	201912	62226432	216	16	1890
2026-08-30T04:53:01Z	1h31m24.531s	14712	0	160571392	0	61984768	214	16	2039
2026-08-30T05:23:01Z	2h1m24.604s	14730	0	161509376	0	62054400	214	16	919
2026-08-30T05:53:01Z	2h31m24.559s	14869	0	163328000	0	63029248	216	16	5995
2026-08-30T06:23:01Z	3h1m26.726s	14923	0	163328000	53592	62242816	214	16	8323
2026-08-30T06:53:01Z	3h31m24.614s	14950	0	163328000	0	61956096	214	16	123
2026-08-30T07:23:01Z	4h1m24.572s	14950	0	163328000	0	62652416	216	16	1391
2026-08-30T07:53:01Z	4h31m24.606s	14950	0	163328000	0	61681664	214	16	1462
2026-08-30T08:23:01Z	5h1m24.577s	14950	0	163328000	0	61927424	214	16	1302
2026-08-30T08:53:01Z	5h31m24.624s	14950	0	163328000	0	62459904	216	16	1813
2026-08-30T09:23:01Z	read-failed	-	-	163328000	589192	62242816	214	16	1715
2026-08-30T09:53:01Z	6h31m26.861s	15063	0	163713024	766352	64077824	214	16	914
2026-08-30T10:23:01Z	7h1m25.271s	15095	0	164220928	119512	62996480	216	16	1687
2026-08-30T10:53:01Z	7h31m27.751s	15263	0	165756928	366712	63942656	228	18	1024
2026-08-30T11:23:01Z	8h1m28.346s	15369	0	166805504	292552	64008192	228	18	6422
2026-08-30T11:53:01Z	8h31m24.93s	15579	0	168681472	251352	64905216	231	18	6184
2026-08-30T12:23:01Z	9h1m27.984s	15652	0	169492480	0	63791104	229	18	8974
2026-08-30T12:53:01Z	9h31m24.725s	15767	0	170029056	0	63635456	231	18	13637
2026-08-30T13:23:01Z	10h1m24.732s	15810	0	170389504	0	64811008	233	18	15452
2026-08-30T13:53:01Z	10h31m24.829s	15838	0	170700800	0	64638976	231	18	16743
2026-08-30T14:23:01Z	11h1m24.84s	15839	0	170700800	0	64393216	231	18	16771
2026-08-30T14:53:01Z	11h31m24.799s	15839	0	170700800	0	64827392	233	18	16850
2026-08-30T15:23:01Z	12h1m24.822s	15839	0	170700800	0	64442368	231	18	16901
2026-08-30T15:53:01Z	12h31m25.551s	15839	0	170700800	0	65826816	231	18	16929
2026-08-30T16:23:01Z	13h1m24.847s	15839	0	170700800	0	66117632	233	18	16957
2026-08-30T16:53:01Z	13h31m24.816s	15839	0	170700800	0	65777664	231	18	16985
2026-08-30T17:23:01Z	14h1m24.877s	15839	0	170700800	0	66056192	231	18	17013
2026-08-30T17:53:01Z	14h31m24.846s	15839	0	170700800	0	65875968	233	18	17041
2026-08-30T18:23:01Z	15h1m24.846s	15839	0	170700800	0	65892352	231	18	17069
2026-08-30T18:53:01Z	15h31m24.928s	15839	0	170700800	0	65736704	231	18	17122
2026-08-30T19:23:01Z	16h1m24.843s	15839	0	170700800	0	66207744	233	18	17150
2026-08-30T19:53:01Z	16h31m24.883s	15839	0	170700800	0	66183168	231	18	17178
2026-08-30T20:23:01Z	17h1m24.943s	15839	0	170700800	0	66465792	231	18	17206
2026-08-30T20:53:01Z	17h31m24.87s	15839	0	170700800	0	66576384	233	18	17234
2026-08-30T21:23:01Z	18h1m25.448s	15839	0	170700800	0	66461696	231	18	17262
2026-08-30T21:53:01Z	18h31m24.952s	15839	0	170700800	0	66650112	231	18	17290
2026-08-30T22:23:01Z	19h1m24.81s	15854	0	170852352	0	68853760	233	18	17856
2026-08-30T22:53:01Z	19h31m24.821s	15854	0	170852352	0	67039232	231	18	17884
2026-08-30T23:23:01Z	20h1m24.814s	15854	0	170852352	0	67145728	231	18	17961
2026-08-30T23:53:01Z	20h31m24.82s	15854	0	170852352	0	68952064	233	18	17989
2026-08-31T00:23:01Z	21h1m24.868s	15854	0	170852352	0	67190784	231	18	18017
2026-08-31T00:53:01Z	21h31m24.877s	15854	0	170852352	0	67436544	231	18	18045
2026-08-31T01:23:01Z	22h1m24.865s	15854	0	170852352	0	67387392	233	18	18073
2026-08-31T01:53:01Z	22h31m24.846s	15854	0	170852352	0	67420160	231	18	18101
2026-08-31T02:23:01Z	23h1m25.226s	15987	0	171749376	1252512	71651328	230	18	776
2026-08-31T02:53:02Z	23h31m26.425s	16097	0	174354432	0	69328896	231	18	1077
2026-08-31T03:23:02Z	24h1m26.408s	16097	0	174354432	0	68603904	230	18	564
2026-08-31T03:53:02Z	24h31m26.846s	16131	0	174354432	0	68685824	230	18	1633
2026-08-31T04:23:02Z	25h1m26.396s	16136	0	174354432	0	68620288	231	18	454
2026-08-31T04:53:02Z	25h31m26.448s	16159	0	174354432	0	68734976	230	18	266
2026-08-31T05:23:02Z	26h1m28.383s	16194	0	174354432	53592	69005312	230	18	1042
2026-08-31T05:53:02Z	26h31m28.334s	16249	0	174354432	0	69435392	231	18	965
2026-08-31T06:23:02Z	read-failed	-	-	174354432	-	68644864	230	18	1025
2026-08-31T06:53:02Z	27h31m30.061s	16249	0	174354432	0	64671744	230	18	285
2026-08-31T07:23:02Z	28h1m28.424s	16296	0	174661632	115392	71725056	231	18	274
2026-08-31T07:53:02Z	28h31m29.172s	16441	1	175804416	49472	70029312	230	18	4857
2026-08-31T08:23:02Z	29h1m26.961s	16500	0	175976448	0	69492736	231	18	7273
2026-08-31T08:53:02Z	29h31m26.517s	16588	0	179728384	0	70516736	232	18	10338
2026-08-31T09:23:02Z	30h1m28.92s	16588	0	179728384	0	69595136	231	18	10366
2026-08-31T09:53:02Z	30h31m26.543s	16588	0	179728384	0	69713920	231	18	10443
2026-08-31T10:23:02Z	31h1m26.572s	16615	0	179806208	2352552	71700480	232	18	11527
2026-08-31T10:53:02Z	31h31m26.571s	16626	0	180387840	436752	70098944	231	18	11980
2026-08-31T11:23:02Z	32h1m29.98s	16654	0	180387840	0	69943296	231	18	12981
2026-08-31T11:53:02Z	32h31m30.019s	16688	0	180387840	329632	71204864	232	18	14345
2026-08-31T12:23:01Z	33h1m29.367s	16708	0	180625408	0	70184960	231	18	15168
2026-08-31T12:53:01Z	read-failed	-	-	180625408	-	70057984	231	18	15196
2026-08-31T13:23:01Z	34h1m25.809s	16715	0	180625408	0	67059712	233	18	15475
2026-08-31T13:53:01Z	34h31m25.601s	16715	0	180625408	0	71847936	234	18	15503
2026-08-31T14:23:01Z	35h1m25.641s	16715	0	180625408	0	70328320	232	18	15531
2026-08-31T14:53:01Z	35h31m25.635s	16715	0	180625408	0	72376320	235	18	15584
2026-08-31T15:23:01Z	read-failed	-	-	180625408	-	72024064	238	18	15612
2026-08-31T15:53:01Z	read-failed	-	-	180625408	-	66330624	232	18	15631
2026-08-31T16:23:02Z	read-failed	-	-	180625408	-	66342912	232	18	15650
2026-08-31T16:53:01Z	37h31m29.999s	16716	0	180625408	0	68055040	235	18	15669
2026-08-31T17:23:01Z	38h1m25.802s	16716	0	180625408	0	70434816	233	18	15697
2026-08-31T17:53:01Z	38h31m25.817s	16716	0	180625408	0	70590464	233	18	15725
2026-08-31T18:23:01Z	39h1m25.745s	16716	0	180625408	0	72216576	235	18	15753
2026-08-31T18:53:01Z	39h31m25.761s	16716	0	180625408	0	70762496	233	18	15781
2026-08-31T19:23:01Z	40h1m25.777s	16716	0	180625408	0	70860800	233	18	15809
2026-08-31T19:53:01Z	40h31m25.793s	16716	0	180625408	0	72757248	235	18	15837
2026-08-31T20:23:01Z	41h1m25.857s	16716	0	180625408	0	71020544	233	18	15865
2026-08-31T20:53:01Z	41h31m25.794s	16716	0	180625408	0	71036928	233	18	15893
2026-08-31T21:23:01Z	42h1m25.804s	16716	0	180625408	0	72720384	235	18	15921
2026-08-31T21:53:01Z	42h31m25.835s	16716	0	180625408	0	71471104	233	18	15949
2026-08-31T22:23:01Z	43h1m25.827s	16716	0	180625408	0	71598080	233	18	15977
2026-08-31T22:53:01Z	43h31m25.904s	16716	0	180625408	0	73113600	233	18	16005
2026-08-31T23:23:01Z	44h1m26.513s	16716	0	180625408	0	71467008	231	18	16033
2026-08-31T23:53:01Z	44h31m25.872s	16716	0	180625408	0	71872512	232	18	16061
2026-09-01T00:23:01Z	45h1m25.745s	16716	0	180625408	0	73306112	235	18	16089
2026-09-01T00:53:01Z	45h31m25.745s	16716	0	180625408	0	72028160	233	18	16117
2026-09-01T01:23:01Z	46h1m25.771s	16716	0	180625408	0	72032256	233	18	16145
2026-09-01T01:53:01Z	46h31m25.776s	16716	0	180625408	0	72208384	233	18	16173
2026-09-01T02:23:01Z	47h1m25.8s	16716	0	180625408	0	73871360	236	18	16201
2026-09-01T02:53:01Z	47h31m25.823s	16764	0	180871168	0	73555968	236	18	17831
2026-09-01T03:23:01Z	48h1m25.787s	16764	0	180871168	0	73052160	235	18	17859
2026-09-01T03:53:01Z	48h31m26.467s	16764	0	180871168	0	74530816	237	18	17936
2026-09-01T04:23:01Z	49h1m26.748s	16906	0	181964800	0	74067968	236	18	20098
2026-09-01T04:53:01Z	49h31m27.463s	16906	0	181964800	0	73461760	235	18	20151
2026-09-01T05:23:01Z	50h1m26.781s	16911	0	181964800	247232	73846784	236	18	20377
2026-09-01T05:53:01Z	50h31m26.658s	16974	0	182448128	0	73564160	236	18	22177
2026-09-01T06:23:01Z	51h1m26.731s	16974	0	182448128	0	72736768	235	18	22205
2026-09-01T06:53:01Z	51h31m26.724s	16974	0	182448128	0	73998336	237	18	22282
2026-09-01T07:23:01Z	52h1m26.73s	16974	0	182448128	0	73351168	237	18	22310
2026-09-01T07:53:01Z	52h31m26.72s	16974	0	182448128	0	72724480	236	18	22338
2026-09-01T08:23:01Z	53h1m26.737s	16974	0	182448128	0	73388032	236	18	22366
2026-09-01T08:53:01Z	53h31m26.712s	16974	0	182448128	0	73146368	236	18	22394
2026-09-01T09:23:01Z	54h1m26.726s	16974	0	182448128	0	72781824	235	18	22422
2026-09-01T09:53:01Z	54h31m26.712s	16974	0	182448128	0	73105408	236	18	22475
2026-09-01T10:23:01Z	55h1m26.79s	16974	0	182448128	0	72982528	236	18	22503
2026-09-01T10:53:01Z	55h31m26.757s	16974	0	182448128	0	73043968	235	18	22531
2026-09-01T11:23:01Z	56h1m30.815s	16987	0	182689792	177192	73711616	233	18	22934
2026-09-01T11:53:02Z	read-failed	-	-	182689792	-	73232384	234	18	22962
2026-09-01T12:23:01Z	read-failed	-	-	182689792	-	68927488	233	18	22981
2026-09-01T12:53:01Z	read-failed	-	-	182689792	-	68907008	234	18	23000
2026-09-01T13:23:01Z	58h1m30.851s	16987	0	182689792	0	68980736	234	18	23019
2026-09-01T13:53:01Z	58h31m26.895s	16987	0	182689792	0	72826880	234	18	23047
2026-09-01T14:23:01Z	59h1m26.858s	16987	0	182689792	0	72916992	234	18	23075
2026-09-01T14:53:01Z	59h31m26.857s	16987	0	182689792	0	72896512	234	18	23103
2026-09-01T15:23:01Z	60h1m26.911s	16987	0	182689792	0	73113600	234	18	23131
2026-09-01T15:53:01Z	60h31m26.903s	16987	0	182689792	0	72863744	234	18	23159
2026-09-01T16:23:01Z	61h1m26.873s	16987	0	182689792	0	73154560	234	18	23187
2026-09-01T16:53:01Z	61h31m26.918s	16987	0	182689792	0	73211904	234	18	23215
2026-09-01T17:23:01Z	62h1m26.899s	16987	0	182689792	0	73170944	234	18	23243
2026-09-01T17:53:01Z	62h31m27.958s	16987	0	182689792	0	73048064	234	18	23271
2026-09-01T18:23:01Z	63h1m27.154s	16987	0	182689792	0	73265152	234	18	23299
2026-09-01T18:53:01Z	63h31m27.111s	16987	0	182689792	0	73138176	234	18	23327
2026-09-01T19:23:01Z	64h1m27.202s	16987	0	182689792	0	73228288	234	18	23355
2026-09-01T19:53:01Z	64h31m27.13s	16987	0	182689792	0	73146368	234	18	23383
2026-09-01T20:23:01Z	65h1m27.192s	16987	0	182689792	0	73195520	234	18	23411
2026-09-01T20:53:01Z	65h31m27.251s	16987	0	182689792	0	73293824	234	18	23439
2026-09-01T21:23:01Z	66h1m27.226s	16987	0	182689792	0	73285632	234	18	23467
2026-09-01T21:53:01Z	66h31m27.214s	16987	0	182689792	0	73129984	234	18	23495
2026-09-01T22:23:01Z	67h1m27.292s	16987	0	182689792	0	73211904	234	18	23523
2026-09-01T22:53:01Z	67h31m27.049s	16987	0	182689792	0	73236480	235	18	23551
2026-09-01T23:23:01Z	68h1m27.56s	16987	0	182689792	0	73162752	235	18	23579
2026-09-01T23:53:01Z	68h31m27.035s	16987	0	182689792	0	73187328	235	18	23607
2026-09-02T00:23:01Z	69h1m27.064s	16992	0	182689792	0	73383936	234	18	23803
2026-09-02T00:53:01Z	69h31m27.116s	16992	0	182689792	0	73404416	234	18	23831
2026-09-02T01:23:01Z	70h1m27.007s	16992	0	182689792	0	73224192	234	18	23859
2026-09-02T01:53:01Z	70h31m27.106s	16992	0	182689792	0	73404416	235	18	23887
2026-09-02T02:23:01Z	71h1m27.101s	17035	0	182771712	0	74731520	237	18	25482
2026-09-02T02:53:01Z	71h31m27.068s	17036	0	182775808	0	74145792	238	18	25510
2026-09-02T03:23:01Z	72h1m27.145s	17036	0	182775808	0	73789440	238	18	25564
2026-09-02T03:53:01Z	72h31m27.469s	17043	0	182829056	0	73719808	238	18	25952
2026-09-02T04:23:01Z	73h1m27.193s	17043	0	182829056	0	74190848	240	18	25980
